excel_row,route_name,input,found,type,description,lat,lon,error
169,"–ë—É—Ç—É—Ä–ª–∏–Ω–æ–≤—Å–∫–∏–π —Ä–∞–π–æ–Ω, –í–æ—Ä–æ–Ω–µ–∂—Å–∫–∞—è –æ–±–ª.","397700, –í–æ—Ä–æ–Ω–µ–∂—Å–∫–∞—è –æ–±–ª–∞—Å—Ç—å, –ë–æ–±—Ä–æ–≤—Å–∫–∏–π —Ä–∞–π–æ–Ω, –≥–æ—Ä–æ–¥ –ë–æ–±—Ä–æ–≤, —É–ª–∏—Ü–∞ –ê–ª–µ–∫—Å–µ–µ–≤—Å–∫–æ–≥–æ, 14",,not_found,"<span class=""accuracy-tag tag-error"">ü§∑ –ù–µ –Ω–∞–π–¥–µ–Ω–æ</span>",,,–ê–¥—Ä–µ—Å –Ω–µ –Ω–∞–π–¥–µ–Ω
170,"–ë—É—Ç—É—Ä–ª–∏–Ω–æ–≤—Å–∫–∏–π —Ä–∞–π–æ–Ω, –í–æ—Ä–æ–Ω–µ–∂—Å–∫–∞—è –æ–±–ª.","397505, –í–æ—Ä–æ–Ω–µ–∂—Å–∫–∞—è –æ–±–ª–∞—Å—Ç—å, –ë—É—Ç—É—Ä–ª–∏–Ω–æ–≤—Å–∫–∏–π —Ä–∞–π–æ–Ω, –≥–æ—Ä–æ–¥ –ë—É—Ç—É—Ä–ª–∏–Ω–æ–≤–∫–∞, –î–æ—Ä–æ–∂–Ω–∞—è —É–ª–∏—Ü–∞, 2","–î–æ—Ä–æ–∂–Ω–∞—è —É–ª–∏—Ü–∞, 2",exact,"<span class=""accuracy-tag tag-exact"">üè† –ó–¥–∞–Ω–∏–µ ‚Äî –≤—ã—Å–æ–∫–∞—è —Ç–æ—á–Ω–æ—Å—Ç—å</span>",50.825278,40.581224,
171,"–ë—É—Ç—É—Ä–ª–∏–Ω–æ–≤—Å–∫–∏–π —Ä–∞–π–æ–Ω, –í–æ—Ä–æ–Ω–µ–∂—Å–∫–∞—è –æ–±–ª.","397505, –í–æ—Ä–æ–Ω–µ–∂—Å–∫–∞—è –æ–±–ª–∞—Å—Ç—å, –ë—É—Ç—É—Ä–ª–∏–Ω–æ–≤—Å–∫–∏–π —Ä–∞–π–æ–Ω, –≥–æ—Ä–æ–¥ –ë—É—Ç—É—Ä–ª–∏–Ω–æ–≤–∫–∞, –î–æ—Ä–æ–∂–Ω–∞—è —É–ª–∏—Ü–∞, 11","–î–æ—Ä–æ–∂–Ω–∞—è —É–ª–∏—Ü–∞, 11",exact,"<span class=""accuracy-tag tag-exact"">üè† –ó–¥–∞–Ω–∏–µ ‚Äî –≤—ã—Å–æ–∫–∞—è —Ç–æ—á–Ω–æ—Å—Ç—å</span>",50.824025,40.587227,
172,"–ë—É—Ç—É—Ä–ª–∏–Ω–æ–≤—Å–∫–∏–π —Ä–∞–π–æ–Ω, –í–æ—Ä–æ–Ω–µ–∂—Å–∫–∞—è –æ–±–ª.","397505, –í–æ—Ä–æ–Ω–µ–∂—Å–∫–∞—è –æ–±–ª–∞—Å—Ç—å, –ë—É—Ç—É—Ä–ª–∏–Ω–æ–≤—Å–∫–∏–π —Ä–∞–π–æ–Ω, –≥–æ—Ä–æ–¥ –ë—É—Ç—É—Ä–ª–∏–Ω–æ–≤–∫–∞, –î–æ—Ä–æ–∂–Ω–∞—è —É–ª–∏—Ü–∞, 13","–î–æ—Ä–æ–∂–Ω–∞—è —É–ª–∏—Ü–∞, 13",exact,"<span class=""accuracy-tag tag-exact"">üè† –ó–¥–∞–Ω–∏–µ ‚Äî –≤—ã—Å–æ–∫–∞—è —Ç–æ—á–Ω–æ—Å—Ç—å</span>",50.823623,40.588388,
173,"–ë—É—Ç—É—Ä–ª–∏–Ω–æ–≤—Å–∫–∏–π —Ä–∞–π–æ–Ω, –í–æ—Ä–æ–Ω–µ–∂—Å–∫–∞—è –æ–±–ª.","397505, –í–æ—Ä–æ–Ω–µ–∂—Å–∫–∞—è –æ–±–ª–∞—Å—Ç—å, –ë—É—Ç—É—Ä–ª–∏–Ω–æ–≤—Å–∫–∏–π —Ä–∞–π–æ–Ω, –≥–æ—Ä–æ–¥ –ë—É—Ç—É—Ä–ª–∏–Ω–æ–≤–∫–∞, –î–æ—Ä–æ–∂–Ω–∞—è —É–ª–∏—Ü–∞, 65","–î–æ—Ä–æ–∂–Ω–∞—è —É–ª–∏—Ü–∞, 65",exact,"<span class=""accuracy-tag tag-exact"">üè† –ó–¥–∞–Ω–∏–µ ‚Äî –≤—ã—Å–æ–∫–∞—è —Ç–æ—á–Ω–æ—Å—Ç—å</span>",50.818015,40.599398,
175,"–ë—É—Ç—É—Ä–ª–∏–Ω–æ–≤—Å–∫–∏–π —Ä–∞–π–æ–Ω, –í–æ—Ä–æ–Ω–µ–∂—Å–∫–∞—è –æ–±–ª.","397501, –í–æ—Ä–æ–Ω–µ–∂—Å–∫–∞—è –æ–±–ª–∞—Å—Ç—å, –ë—É—Ç—É—Ä–ª–∏–Ω–æ–≤—Å–∫–∏–π —Ä–∞–π–æ–Ω, –≥–æ—Ä–æ–¥ –ë—É—Ç—É—Ä–ª–∏–Ω–æ–≤–∫–∞, —É–ª–∏—Ü–∞ –ü–æ–±–µ–¥—ã, 3/1",—É–ª–∏—Ü–∞ –ü–æ–±–µ–¥—ã,street,"<span class=""accuracy-tag tag-street"">üõ£Ô∏è –£–ª–∏—Ü–∞ ‚Äî —Å—Ä–µ–¥–Ω—è—è —Ç–æ—á–Ω–æ—Å—Ç—å</span>",50.819754,40.638747,
176,"–ë—É—Ç—É—Ä–ª–∏–Ω–æ–≤—Å–∫–∏–π —Ä–∞–π–æ–Ω, –í–æ—Ä–æ–Ω–µ–∂—Å–∫–∞—è –æ–±–ª.","397570, –í–æ—Ä–æ–Ω–µ–∂—Å–∫–∞—è –æ–±–ª–∞—Å—Ç—å, –í–æ—Ä–æ–±—å–µ–≤—Å–∫–∏–π —Ä–∞–π–æ–Ω, —Å–µ–ª–æ –í–æ—Ä–æ–±—å–µ–≤–∫–∞, —É–ª–∏—Ü–∞ –ì–æ–≥–æ–ª—è, 25",—É–ª–∏—Ü–∞ –ì–æ–≥–æ–ª—è,street,"<span class=""accuracy-tag tag-street"">üõ£Ô∏è –£–ª–∏—Ü–∞ ‚Äî —Å—Ä–µ–¥–Ω—è—è —Ç–æ—á–Ω–æ—Å—Ç—å</span>",50.646659,40.922574,
177,"–ë—É—Ç—É—Ä–ª–∏–Ω–æ–≤—Å–∫–∏–π —Ä–∞–π–æ–Ω, –í–æ—Ä–æ–Ω–µ–∂—Å–∫–∞—è –æ–±–ª.","397610, –í–æ—Ä–æ–Ω–µ–∂—Å–∫–∞—è –æ–±–ª–∞—Å—Ç—å, –ö–∞–ª–∞—á–µ–µ–≤—Å–∫–∏–π —Ä–∞–π–æ–Ω, —Å–µ–ª–æ –ó–∞–±—Ä–æ–¥—ã, –ó–∞–±—Ä–æ–¥–µ–Ω—Å–∫–∞—è —É–ª–∏—Ü–∞, 1","–ó–∞–±—Ä–æ–¥–µ–Ω—Å–∫–∞—è —É–ª–∏—Ü–∞, 1",exact,"<span class=""accuracy-tag tag-exact"">üè† –ó–¥–∞–Ω–∏–µ ‚Äî –≤—ã—Å–æ–∫–∞—è —Ç–æ—á–Ω–æ—Å—Ç—å</span>",50.416432,41.0301,
178,"–ë—É—Ç—É—Ä–ª–∏–Ω–æ–≤—Å–∫–∏–π —Ä–∞–π–æ–Ω, –í–æ—Ä–æ–Ω–µ–∂—Å–∫–∞—è –æ–±–ª.","–í–æ—Ä–æ–Ω–µ–∂—Å–∫–∞—è –æ–±–ª–∞—Å—Ç—å, –ö–∞–ª–∞—á–µ–µ–≤—Å–∫–∏–π —Ä–∞–π–æ–Ω, –≥–æ—Ä–æ–¥ –ö–∞–ª–∞—á, –ú–∞–≥–∏—Å—Ç—Ä–∞–ª—å–Ω–∞—è, 2–ì","–ú–∞–≥–∏—Å—Ç—Ä–∞–ª—å–Ω–∞—è —É–ª–∏—Ü–∞, 2–≥",exact,"<span class=""accuracy-tag tag-exact"">üè† –ó–¥–∞–Ω–∏–µ ‚Äî –≤—ã—Å–æ–∫–∞—è —Ç–æ—á–Ω–æ—Å—Ç—å</span>",50.394015,41.012463,
179,"–ë—É—Ç—É—Ä–ª–∏–Ω–æ–≤—Å–∫–∏–π —Ä–∞–π–æ–Ω, –í–æ—Ä–æ–Ω–µ–∂—Å–∫–∞—è –æ–±–ª.","397611, –í–æ—Ä–æ–Ω–µ–∂—Å–∫–∞—è –æ–±–ª–∞—Å—Ç—å, –ö–∞–ª–∞—á–µ–µ–≤—Å–∫–∏–π —Ä–∞–π–æ–Ω, —Å–µ–ª–æ –ó–∞–±—Ä–æ–¥—ã, –ú–∞–≥–∏—Å—Ç—Ä–∞–ª—å–Ω–∞—è —É–ª–∏—Ü–∞, 2–î","–ú–∞–≥–∏—Å—Ç—Ä–∞–ª—å–Ω–∞—è —É–ª–∏—Ü–∞, 2–¥",exact,"<span class=""accuracy-tag tag-exact"">üè† –ó–¥–∞–Ω–∏–µ ‚Äî –≤—ã—Å–æ–∫–∞—è —Ç–æ—á–Ω–æ—Å—Ç—å</span>",50.395304,41.013467,
180,"–ë—É—Ç—É—Ä–ª–∏–Ω–æ–≤—Å–∫–∏–π —Ä–∞–π–æ–Ω, –í–æ—Ä–æ–Ω–µ–∂—Å–∫–∞—è –æ–±–ª.","–í–æ—Ä–æ–Ω–µ–∂—Å–∫–∞—è –æ–±–ª–∞—Å—Ç—å, –≥–æ—Ä–æ–¥ –ö–∞–ª–∞—á, —É–ª–∏—Ü–∞ 1 –ú–∞—è, 136","—É–ª–∏—Ü–∞ 1 –ú–∞—è, 136",exact,"<span class=""accuracy-tag tag-exact"">üè† –ó–¥–∞–Ω–∏–µ ‚Äî –≤—ã—Å–æ–∫–∞—è —Ç–æ—á–Ω–æ—Å—Ç—å</span>",50.42844,40.990597,
181,"–ë—É—Ç—É—Ä–ª–∏–Ω–æ–≤—Å–∫–∏–π —Ä–∞–π–æ–Ω, –í–æ—Ä–æ–Ω–µ–∂—Å–∫–∞—è –æ–±–ª.","–í–æ—Ä–æ–Ω–µ–∂—Å–∫–∞—è –æ–±–ª–∞—Å—Ç—å, –≥–æ—Ä–æ–¥ –ö–∞–ª–∞—á, –ß–µ—Ä–Ω—ã—à–µ–≤—Å–∫–æ–≥–æ, 62","—É–ª–∏—Ü–∞ –ß–µ—Ä–Ω—ã—à–µ–≤—Å–∫–æ–≥–æ, 62",exact,"<span class=""accuracy-tag tag-exact"">üè† –ó–¥–∞–Ω–∏–µ ‚Äî –≤—ã—Å–æ–∫–∞—è —Ç–æ—á–Ω–æ—Å—Ç—å</span>",50.409172,41.027941,
183,"–ë—É—Ç—É—Ä–ª–∏–Ω–æ–≤—Å–∫–∏–π —Ä–∞–π–æ–Ω, –í–æ—Ä–æ–Ω–µ–∂—Å–∫–∞—è –æ–±–ª.","397674, –í–æ—Ä–æ–Ω–µ–∂—Å–∫–∞—è –æ–±–ª–∞—Å—Ç—å, –ü–µ—Ç—Ä–æ–ø–∞–≤–ª–æ–≤—Å–∫–∏–π —Ä–∞–π–æ–Ω, —Å–µ–ª–æ –ë—ã—á–æ–∫, —É–ª–∏—Ü–∞ –ß–∞–ø–∞–µ–≤–∞, 6",—É–ª–∏—Ü–∞ –ß–∞–ø–∞–µ–≤–∞,street,"<span class=""accuracy-tag tag-street"">üõ£Ô∏è –£–ª–∏—Ü–∞ ‚Äî —Å—Ä–µ–¥–Ω—è—è —Ç–æ—á–Ω–æ—Å—Ç—å</span>",50.018074,40.775569,
184,"–ë—É—Ç—É—Ä–ª–∏–Ω–æ–≤—Å–∫–∏–π —Ä–∞–π–æ–Ω, –í–æ—Ä–æ–Ω–µ–∂—Å–∫–∞—è –æ–±–ª.","397670, –í–æ—Ä–æ–Ω–µ–∂—Å–∫–∞—è –æ–±–ª–∞—Å—Ç—å, –ü–µ—Ç—Ä–æ–ø–∞–≤–ª–æ–≤—Å–∫–∏–π —Ä–∞–π–æ–Ω, —Å–µ–ª–æ –ü–µ—Ç—Ä–æ–ø–∞–≤–ª–æ–≤–∫–∞, —É–ª–∏—Ü–∞ 50 –ª–µ—Ç –û–∫—Ç—è–±—Ä—è, 2–ë","—É–ª–∏—Ü–∞ 50 –ª–µ—Ç –û–∫—Ç—è–±—Ä—è, 2–ë",exact,"<span class=""accuracy-tag tag-exact"">üè† –ó–¥–∞–Ω–∏–µ ‚Äî –≤—ã—Å–æ–∫–∞—è —Ç–æ—á–Ω–æ—Å—Ç—å</span>",50.122202,40.873432,
